<?xml version="1.0" encoding="utf-8"?>
<openerp>
    <data noupdate="1">
        <!-- Sequences for purchase.order -->
        <record id="seq_type_stock_demand_order" model="ir.sequence.type">
            <field name="name">需求转换单</field>
            <field name="code">qdodoo.stock.demand</field>
        </record>
        <record id="seq_purchase_order" model="ir.sequence">
            <field name="name">需求转换单</field>
            <field name="code">qdodoo.stock.demand</field>
            <field name="prefix">SD</field>
            <field name="padding">5</field>
            <field name="company_id" eval="False"/>
        </record>
    </data>
</openerp>